Workbook

Sheet Part 01_Understand_Dataset
B3: 1. How many rows are in the dataset?
B4: 1001
B6: 2. How many columns are in the dataset?
B7: 9
B9: 3. What type of data is stored in the Date column?
B10: General
B12: 4. What type of data is stored in the Product Category column?
B13: General
B15: 5. What type of data is stored in the Total Amount column?
B16: General
B18: 6. What are the unique product categories available in the dataset?
B19: Beauty, Clothing, Electronics
B21: 7. What is the minimum and maximum age of customers?
B22: Min Age = 18 | E22: Max Age = 64

Sheet Part 03_Data Quality Check
B2: 1. Are there any blank cells in the dataset?
B3: No
B5: 2. Are there any duplicate rows? 2. Are there any duplicate rows?
B6: No
B8: 3. Are all values in the Quantity column valid?
B9: Yes
B11: 4. Are all values in the Price per Unit column valid?
B12: Yes
B14: 5. Does Total Amount match this formula?
B15: Done, check for Cleaned Data Sheet

Sheet Part 02_Cleaned Data
A1: Transaction ID | B1: Date | C1: Customer ID | D1: Gender | E1: Age | F1: Product Category | G1: Quantity | H1: Price per Unit | I1: Total Amount | J1: Calculated Total | K1: Amount Check
A2: 1 | B2: 45254 | C2: CUST001 | D2: Male | E2: 34 | F2: Beauty | G2: 3 | H2: 50 | I2: 150 | J2: =G:G*H:H -> 150 | K2: =IF(Table2[[#This Row],[Calculated Total]]=Table2[[#This Row],[Total Amount]],"Correct","Check") -> Correct
A3: 2 | B3: 44984 | C3: CUST002 | D3: Female | E3: 26 | F3: Clothing | G3: 2 | H3: 500 | I3: 1000 | J3: =G:G*H:H -> 1000 | K3: =IF(Table2[[#This Row],[Calculated Total]]=Table2[[#This Row],[Total Amount]],"Correct","Check") -> Correct
A4: 3 | B4: 44939 | C4: CUST003 | D4: Male | E4: 50 | F4: Electronics | G4: 1 | H4: 30 | I4: 30 | J4: =G:G*H:H -> 30 | K4: =IF(Table2[[#This Row],[Calculated Total]]=Table2[[#This Row],[Total Amount]],"Correct","Check") -> Correct
A5: 4 | B5: 45067 | C5: CUST004 | D5: Male | E5: 37 | F5: Clothing | G5: 1 | H5: 500 | I5: 500 | J5: =G:G*H:H -> 500 | K5: =IF(Table2[[#This Row],[Calculated Total]]=Table2[[#This Row],[Total Amount]],"Correct","Check") -> Correct
A6: 5 | B6: 45052 | C6: CUST005 | D6: Male | E6: 30 | F6: Beauty | G6: 2 | H6: 50 | I6: 100 | J6: =G:G*H:H -> 100 | K6: =IF(Table2[[#This Row],[Calculated Total]]=Table2[[#This Row],[Total Amount]],"Correct","Check") -> Correct
A7: 6 | B7: 45041 | C7: CUST006 | D7: Female | E7: 45 | F7: Beauty | G7: 1 | H7: 30 | I7: 30 | J7: =G:G*H:H -> 30 | K7: =IF(Table2[[#This Row],[Calculated Total]]=Table2[[#This Row],[Total Amount]],"Correct","Check") -> Correct
A8: 7 | B8: 44998 | C8: CUST007 | D8: Male | E8: 46 | F8: Clothing | G8: 2 | H8: 25 | I8: 50 | J8: =G:G*H:H -> 50 | K8: =IF(Table2[[#This Row],[Calculated Total]]=Table2[[#This Row],[Total Amount]],"Correct","Check") -> Correct
A9: 8 | B9: 44979 | C9: CUST008 | D9: Male | E9: 30 | F9: Electronics | G9: 4 | H9: 25 | I9: 100 | J9: =G:G*H:H -> 100 | K9: =IF(Table2[[#This Row],[Calculated Total]]=Table2[[#This Row],[Total Amount]],"Correct","Check") -> Correct
A10: 9 | B10: 45273 | C10: CUST009 | D10: Male | E10: 63 | F10: Electronics | G10: 2 | H10: 300 | I10: 600 | J10: =G:G*H:H -> 600 | K10: =IF(Table2[[#This Row],[Calculated Total]]=Table2[[#This Row],[Total Amount]],"Correct","Check") -> Correct
A11: 10 | B11: 45206 | C11: CUST010 | D11: Female | E11: 52 | F11: Clothing | G11: 4 | H11: 50 | I11: 200 | J11: =G:G*H:H -> 200 | K11: =IF(Table2[[#This Row],[Calculated Total]]=Table2[[#This Row],[Total Amount]],"Correct","Check") -> Correct
A12: 11 | B12: 44971 | C12: CUST011 | D12: Male | E12: 23 | F12: Clothing | G12: 2 | H12: 50 | I12: 100 | J12: =G:G*H:H -> 100 | K12: =IF(Table2[[#This Row],[Calculated Total]]=Table2[[#This Row],[Total Amount]],"Correct","Check") -> Correct
A13: 12 | B13: 45229 | C13: CUST012 | D13: Male | E13: 35 | F13: Beauty | G13: 3 | H13: 25 | I13: 75 | J13: =G:G*H:H -> 75 | K13: =IF(Table2[[#This Row],[Calculated Total]]=Table2[[#This Row],[Total Amount]],"Correct","Check") -> Correct
... A1001: 1000 | B1001: 45028 | C1001: CUST1000 | D1001: Male | E1001: 47 | F1001: Electronics | G1001: 4 | H1001: 30 | I1001: 120 | J1001: =G:G*H:H -> 120 | K1001: =IF(Table2[[#This Row],[Calculated Total]]=Table2[[#This Row],[Total Amount]],"Correct","Check") -> Correct

Sheet KPIs
D6: KPIs Name | E6: Values
D7: Total Sales | E7: =SUM('Part 02_Cleaned Data'!I2:I1001) -> 456000
D8: Total Transactions | E8: =COUNT('Part 02_Cleaned Data'!A2:A1001) -> 1000
D9: Average Sales | E9: =AVERAGE('Part 02_Cleaned Data'!I2:I1001) -> 456
D10: Total Quantity Sold | E10: =SUM('Part 02_Cleaned Data'!G2:G1001) -> 2514
D11: Highest Transaction Value | E11: =MAX('Part 02_Cleaned Data'!I2:I1001) -> 2000
D12: Lowest Transaction Value | E12: =MIN('Part 02_Cleaned Data'!I2:I1001) -> 25

Sheet Pivot Tables
B6: Total Sales by Product Category | F6: Total Sales by Gender | J6: Total Quantity by Product Category | N6: Average Age by Product Category
B7: Product Category | C7: Sum of Total Amount | F7: Gender | G7: Sum of Total Amount | J7: Product Category | K7: Sum of Quantity | N7: Product Category | O7: Average of Age
B8: Beauty | C8: 143515 | F8: Female | G8: 232840 | J8: Beauty | K8: 771 | N8: Beauty | O8: 40.371336
B9: Clothing | C9: 155580 | F9: Male | G9: 223160 | J9: Clothing | K9: 894 | N9: Clothing | O9: 41.948718
B10: Electronics | C10: 156905 | F10: Grand Total | G10: 456000 | J10: Electronics | K10: 849 | N10: Electronics | O10: 41.736842
B11: Grand Total | C11: 456000 | J11: Grand Total | K11: 2514 | N11: Grand Total | O11: 41.392

Sheet Part 04_Basic Analysis
B2: 1. Total sales amount | F2: 7. Youngest customer age | L2: Sales by Product Category Table
B3: =SUM('Part 02_Cleaned Data'!I:I) -> 456000 | F3: =MIN('Part 02_Cleaned Data'!E:E) -> 18 | L3: Product Category | N3: Total Sales
L4: Beauty | N4: =SUMIF('Part 02_Cleaned Data'!$F:$F, "Beauty", 'Part 02_Cleaned Data'!$I:$I) -> 143515
B5: 2. Average sales amount | F5: 8. Oldest customer age | L5: Clothing | N5: =SUMIF('Part 02_Cleaned Data'!$F:$F, "Clothing", 'Part 02_Cleaned Data'!$I:$I) -> 155580
B6: =AVERAGE('Part 02_Cleaned Data'!I:I) -> 456 | F6: =MAX('Part 02_Cleaned Data'!E:E) -> 64 | L6: Electronics | N6: =SUMIF('Part 02_Cleaned Data'!$F:$F, "Electronics", 'Part 02_Cleaned Data'!$I:$I) -> 156905
B8: 3. Minimum sales amount | F8: 9. Total number of transactions
B9: =MIN('Part 02_Cleaned Data'!I:I) -> 25 | F9: =COUNT('Part 02_Cleaned Data'!A:A) -> 1000 | L9: Quantity Sold by Product Category Table
L10: Product Category | N10: Total Quantity Sold
B11: 4. Maximum sales amount | F11: 10. Total number of unique product categories | L11: Beauty | N11: =SUMIF('Part 02_Cleaned Data'!$F:$F, "Beauty", 'Part 02_Cleaned Data'!$G:$G) -> 771
B12: =MAX('Part 02_Cleaned Data'!I:I) -> 2000 | F12: None | L12: Clothing | N12: =SUMIF('Part 02_Cleaned Data'!$F:$F, "Clothing", 'Part 02_Cleaned Data'!$G:$G) -> 894
L13: Electronics | N13: =SUMIF('Part 02_Cleaned Data'!$F:$F, "Electronics", 'Part 02_Cleaned Data'!$G:$G) -> 849
B14: 5. Total quantity sold 5. Total quantity sold 5. Total quantity sold
B15: =SUM('Part 02_Cleaned Data'!G:G) -> 2514
L16: Sales by Gender
B17: 6. Average customer age | L17: Gender | N17: Total Sales
B18: =AVERAGE('Part 02_Cleaned Data'!E:E) -> 41.392 | L18: Male | N18: =SUMIF('Part 02_Cleaned Data'!$D:$D, "Male", 'Part 02_Cleaned Data'!$I:$I) -> 223160
L19: Female | N19: =SUMIF('Part 02_Cleaned Data'!$D:$D, "Female", 'Part 02_Cleaned Data'!$I:$I) -> 232840

Sheet Charts
A1: Sales by Product Category Table
A2: Product Category | C2: Total Sales
A3: Beauty | C3: =SUMIF('Part 02_Cleaned Data'!$F:$F, "Beauty", 'Part 02_Cleaned Data'!$I:$I) -> 143515
A4: Clothing | C4: =SUMIF('Part 02_Cleaned Data'!$F:$F, "Clothing", 'Part 02_Cleaned Data'!$I:$I) -> 155580
A5: Electronics | C5: =SUMIF('Part 02_Cleaned Data'!$F:$F, "Electronics", 'Part 02_Cleaned Data'!$I:$I) -> 156905
A8: Quantity Sold by Product Category Table
A9: Product Category | C9: Total Quantity Sold
A10: Beauty | C10: =SUMIF('Part 02_Cleaned Data'!$F:$F, "Beauty", 'Part 02_Cleaned Data'!$G:$G) -> 771
A11: Clothing | C11: =SUMIF('Part 02_Cleaned Data'!$F:$F, "Clothing", 'Part 02_Cleaned Data'!$G:$G) -> 894
A12: Electronics | C12: =SUMIF('Part 02_Cleaned Data'!$F:$F, "Electronics", 'Part 02_Cleaned Data'!$G:$G) -> 849
A15: Sales by Gender
A16: Gender | C16: Total Sales
A17: Male | C17: =SUMIF('Part 02_Cleaned Data'!$D:$D, "Male", 'Part 02_Cleaned Data'!$I:$I) -> 223160
A18: Female | C18: =SUMIF('Part 02_Cleaned Data'!$D:$D, "Female", 'Part 02_Cleaned Data'!$I:$I) -> 232840

Sheet Part 05_Sorting and filter ss 
D3: 1. Which transaction has the highest total amount?
D11: 3. Show only transactions where Product Category is Clothing.
D31: 4. Show only transactions where Gender is Female.

Sheet Observations
D2: Observations Summary
D3: S.No | E3: Observations Points | H3: Finding
D4: 1 | E4: Highest Sales Category | H4: The category with the highest sales is Electronics, totaling 156,905.
D5: 2 | E5: Lowest Sales Category | H5: The category with the lowest sales is Beauty, totaling 143,515.
D6: 3 | E6: Sales by Gender | H6: Female customers generated more total sales (232,840) compared to male customers (223,160).
D7: 4 | E7: Customer Age Range | H7: The customer age ranges from the youngest at 18 years old to the oldest at 64 years old.
D8: 5 | E8: Total Transactions and Quantity | H8: There were a total of 1,000 transactions recorded, resulting in a total quantity of 2,514 units sold.

Sheet Excel Insights
D4: Excel Insights
D5: Top Category | E5: Electronics is the strongest category, generating the highest total sales of 156,905.
D6: Gender Trends | E6: Female customers lead in total spending with 232,840 compared to 223,160 from male customers.
D7: Sales Volume: | E7: While Electronics leads in revenue, Clothing has the highest sales volume with 894 units sold.
D8: Customer Age | E8: The average customer age is approximately 41, with Clothing shoppers being the oldest at an average of 41.95.
D9: Transaction Range | E9: With 1,000 total transactions, values fluctuate significantly, ranging from a minimum of 25 to a maximum of 2,000.
